source_agent,target_agent,direction
1010512984,6045441276,bidirectional
1027417317,1148369915,bidirectional
1165692665,1871902324,bidirectional
1165692665,5143363224,bidirectional
1165692665,6470348556,bidirectional
1165692665,6852943440,bidirectional
1165692665,7071325949,bidirectional
1165692665,7181375425,bidirectional
1165692665,7912396743,bidirectional
1240212845,1724889741,bidirectional
1240212845,1796191232,bidirectional
1240212845,1917491813,bidirectional
1240212845,3860595207,bidirectional
1240212845,5316461624,bidirectional
1240212845,6045441276,bidirectional
1240212845,6327562379,bidirectional
1240212845,7181375425,bidirectional
1307254057,6470348556,bidirectional
1307254057,7912396743,bidirectional
1350565915,1668589577,bidirectional
1350565915,6537673609,bidirectional
1648544895,1169193955,bidirectional
1648544895,1240212845,bidirectional
1648544895,1830516311,bidirectional
1648544895,1860293712,bidirectional
1648544895,1912273717,bidirectional
1648544895,2199733231,bidirectional
1648544895,2304284334,bidirectional
1648544895,6045441276,bidirectional
1648544895,7888868912,bidirectional
1665335994,1240212845,bidirectional
1665335994,1296826312,bidirectional
1665335994,1796191232,bidirectional
1665335994,5242689177,bidirectional
1665335994,5703921756,bidirectional
1665335994,6990903687,bidirectional
1738690784,1959036263,bidirectional
1738690784,2304284334,bidirectional
1738690784,5974492728,bidirectional
1738690784,7888868912,bidirectional
1738690784,7909556718,bidirectional
1830516311,2304284334,bidirectional
1830516311,3860595207,bidirectional
1830516311,7793479333,bidirectional
1904769205,2951458223,bidirectional
1904769205,3290073825,bidirectional
1912273717,1830516311,bidirectional
1912273717,1860293712,bidirectional
1912273717,7337714168,bidirectional
1917491813,1912273717,bidirectional
1917491813,2199733231,bidirectional
1917491813,2884729002,bidirectional
1917491813,5143363224,bidirectional
1917491813,5974492728,bidirectional
1917491813,6045441276,bidirectional
1917491813,6144534759,bidirectional
1917491813,6444741184,bidirectional
1917491813,7037879187,bidirectional
1917491813,7629829666,bidirectional
1959036263,5367240037,bidirectional
2143895791,7778686786,bidirectional
2194035935,1296826312,bidirectional
2194035935,1796191232,bidirectional
2194035935,1798528990,bidirectional
2194035935,2627528013,bidirectional
2194035935,2884729002,bidirectional
2194035935,3636978933,bidirectional
2194035935,3723218991,bidirectional
2194035935,3860595207,bidirectional
2194035935,3996876140,bidirectional
2194035935,5316461624,bidirectional
2194035935,5338613080,bidirectional
2194035935,5703921756,bidirectional
2194035935,5845368028,bidirectional
2194035935,6105753431,bidirectional
2194035935,6189332814,bidirectional
2194035935,6327562379,bidirectional
2194035935,6462784518,bidirectional
2194035935,7559472847,bidirectional
2194035935,7629829666,bidirectional
2194035935,7904907012,bidirectional
2199733231,1010512984,bidirectional
2199733231,1296826312,bidirectional
2199733231,1350565915,bidirectional
2199733231,1727449613,bidirectional
2199733231,1788469157,bidirectional
2199733231,1798528990,bidirectional
2199733231,1846972357,bidirectional
2199733231,1912273717,bidirectional
2199733231,2571261791,bidirectional
2199733231,3238143192,bidirectional
2199733231,3290073825,bidirectional
2199733231,3636978933,bidirectional
2199733231,3996876140,bidirectional
2199733231,5048871040,bidirectional
2199733231,5644371960,bidirectional
2199733231,5646147583,bidirectional
2199733231,5703921756,bidirectional
2199733231,5845368028,bidirectional
2199733231,5974492728,bidirectional
2199733231,5983634631,bidirectional
2199733231,6052259217,bidirectional
2199733231,7603962553,bidirectional
2199733231,7930485107,bidirectional
2209059857,1240212845,bidirectional
2304284334,1830516311,bidirectional
2304284334,6045441276,bidirectional
2304284334,6105753431,bidirectional
2304284334,6147938363,bidirectional
2427364747,1350565915,bidirectional
2427364747,1727449613,bidirectional
2427364747,2884729002,bidirectional
2427364747,5143363224,bidirectional
2707301552,5316461624,bidirectional
3860595207,1665335994,bidirectional
3996876140,1213545220,bidirectional
3996876140,1296826312,bidirectional
3996876140,1408018567,bidirectional
3996876140,1648544895,bidirectional
3996876140,1727449613,bidirectional
3996876140,1830516311,bidirectional
3996876140,1912934215,bidirectional
3996876140,2571261791,bidirectional
3996876140,2627528013,bidirectional
3996876140,3164138154,bidirectional
3996876140,5143363224,bidirectional
3996876140,5845368028,bidirectional
3996876140,5974492728,bidirectional
3996876140,6147938363,bidirectional
3996876140,6990903687,bidirectional
3996876140,7689047351,bidirectional
3996876140,7909556718,bidirectional
3996876140,7912396743,bidirectional
5097794776,7181375425,bidirectional
5316461624,2707301552,bidirectional
5367240037,1959036263,bidirectional
5646147583,1668589577,bidirectional
5646147583,1961439875,bidirectional
5646147583,7037879187,bidirectional
5703921756,1240212845,bidirectional
5703921756,1450305785,bidirectional
5703921756,1917491813,bidirectional
5703921756,2199733231,bidirectional
5703921756,2571261791,bidirectional
5703921756,5143363224,bidirectional
5703921756,5845368028,bidirectional
5703921756,6045441276,bidirectional
5703921756,6147938363,bidirectional
5703921756,6327562379,bidirectional
5703921756,6718296161,bidirectional
5703921756,7909556718,bidirectional
6045441276,1010512984,bidirectional
6045441276,1665335994,bidirectional
6045441276,1796191232,bidirectional
6045441276,2194035935,bidirectional
6105753431,1296826312,bidirectional
6105753431,1727449613,bidirectional
6105753431,1798528990,bidirectional
6105753431,1912934215,bidirectional
6105753431,1959036263,bidirectional
6105753431,2571261791,bidirectional
6105753431,5143363224,bidirectional
6105753431,5242689177,bidirectional
6105753431,5393103230,bidirectional
6105753431,5703921756,bidirectional
6105753431,5845368028,bidirectional
6105753431,5974492728,bidirectional
6105753431,6147938363,bidirectional
6105753431,6462784518,bidirectional
6105753431,7888868912,bidirectional
6105753431,7903498158,bidirectional
6105753431,7912396743,bidirectional
6444741184,1240212845,bidirectional
6444741184,1796191232,bidirectional
6444741184,2209059857,bidirectional
6444741184,3164138154,bidirectional
6444741184,3860595207,bidirectional
6444741184,5316461624,bidirectional
6444741184,5845368028,bidirectional
6444741184,5974492728,bidirectional
6444741184,7629829666,bidirectional
6444741184,7778686786,bidirectional
6462784518,7733872683,bidirectional
6470348556,1648544895,bidirectional
6470348556,1668589577,bidirectional
6470348556,1846972357,bidirectional
6470348556,1860293712,bidirectional
6470348556,5242689177,bidirectional
6470348556,6462784518,bidirectional
6470348556,7037879187,bidirectional
6470348556,7071325949,bidirectional
6470348556,7181375425,bidirectional
6470348556,7337714168,bidirectional
6470348556,7494836996,bidirectional
6470348556,7888868912,bidirectional
7037879187,1005724414,bidirectional
7337714168,6470348556,bidirectional
7576177455,7912396743,bidirectional
7733872683,6462784518,bidirectional
7737769880,7888868912,bidirectional
7778686786,2143895791,bidirectional
7793479333,1240212845,bidirectional
7888868912,5242689177,bidirectional
7888868912,6470348556,bidirectional
7888868912,6537673609,bidirectional
7888868912,7889671371,bidirectional
7912396743,1307254057,bidirectional
7912396743,7071325949,bidirectional
7912396743,7576177455,bidirectional
